{
  "metadata": {
    "seed": 449224024,
    "timestamp": "2025-10-15T13:11:34.445448",
    "T": 252,
    "N": 10
  },
  "optimizations": {
    "minimum_variance": {
      "success": true,
      "objective_value": 2.72154102276545e-06,
      "effective_n_assets": 9.123844146728516,
      "weights": [
        0.19686536490917206,
        0.030538324266672134,
        0.0919288620352745,
        0.0702660083770752,
        0.08948516845703125,
        0.06916169077157974,
        0.11155159026384354,
        0.11848987638950348,
        0.13933338224887848,
        0.08237972855567932
      ]
    },
    "maximum_sharpe": {
      "success": true,
      "sharpe_ratio": 0.11483306437730789,
      "effective_n_assets": 5.503238677978516,
      "weights": [
        0.11263317614793777,
        0.0,
        0.0,
        0.0,
        0.25106382369995117,
        0.07303672283887863,
        0.0,
        0.1282126009464264,
        0.25271642208099365,
        0.18233726918697357
      ]
    },
    "risk_parity": {
      "success": true,
      "volatility": 0.002010523108765483,
      "effective_n_assets": 8.228606224060059,
      "weights": [
        0.08883519470691681,
        0.0,
        0.10276846587657928,
        0.059452079236507416,
        0.14244899153709412,
        0.03735643997788429,
        0.17869605123996735,
        0.15404394268989563,
        0.15259821712970734,
        0.08380068838596344
      ]
    }
  },
  "neural_models": {
    "neural_risk_parity": {
      "objective_value": 6.515191671496723e-06,
      "effective_n_assets": 7.608545780181885,
      "weights": [
        0.01952330768108368,
        0.02396354451775551,
        0.06980856508016586,
        0.051227208226919174,
        0.13588841259479523,
        0.04692057892680168,
        0.2482042908668518,
        0.16066454350948334,
        0.19172421097755432,
        0.05207526683807373
      ]
    },
    "return_prediction": {
      "predicted_returns": [
        -0.0036213407292962074,
        0.007487937808036804,
        0.006399642676115036,
        -0.0019813855178654194,
        -0.006558699533343315,
        0.0017263097688555717,
        0.002178136259317398,
        0.0055703409016132355,
        0.0056060440838336945,
        0.0031975237652659416
      ],
      "historical_mean": [
        -0.0008911816985346377,
        0.00042922658030875027,
        0.0006859211716800928,
        0.00010826841025846079,
        -0.000683822319842875,
        -0.00030045650782994926,
        -0.0006371400668285787,
        0.0006167770479805768,
        0.0010204234858974814,
        0.0013924535596743226
      ]
    },
    "black_litterman": {
      "adjusted_returns": [
        -0.0008916833903640509,
        0.00042988191125914454,
        0.0006862145964987576,
        0.00010865682270377874,
        -0.0006836386164650321,
        -0.00030005114967934787,
        -0.0006370844785124063,
        0.0006168636027723551,
        0.0010203870479017496,
        0.001392820500768721
      ],
      "prior_returns": [
        -0.0008911816985346377,
        0.00042922658030875027,
        0.0006859211716800928,
        0.00010826841025846079,
        -0.000683822319842875,
        -0.00030045650782994926,
        -0.0006371400668285787,
        0.0006167770479805768,
        0.0010204234858974814,
        0.0013924535596743226
      ]
    }
  },
  "comparisons": {
    "covariance_methods": [
      {
        "Method": "Sample",
        "Condition_Number": 84.23197937011719,
        "Mean_Variance": 0.00021770992316305637,
        "Frobenius_Norm": 0.0015525086782872677
      },
      {
        "Method": "Attention",
        "Condition_Number": 34.123592376708984,
        "Mean_Variance": 0.03805993124842644,
        "Frobenius_Norm": 0.1463097631931305
      },
      {
        "Method": "Graph_Neural",
        "Condition_Number": 1.1958301067352295,
        "Mean_Variance": 0.00015923558385111392,
        "Frobenius_Norm": 0.0005043702549301088
      }
    ]
  },
  "backtesting": {
    "single_strategy": {
      "total_return": 0.01447756215929985,
      "annualized_return": 0.01447756215929985,
      "sharpe_ratio": 0.31261734752038345,
      "max_drawdown": -1.0,
      "n_rebalances": 9
    },
    "strategy_comparison": [
      {
        "Strategy": "minimum_variance",
        "Total_Return": 1.447756215929985,
        "Annual_Return": 1.447756215929985,
        "Annual_Vol": 4.631080864236389,
        "Sharpe_Ratio": 0.31261734752038345,
        "Sortino_Ratio": 0.4687245178798606,
        "Max_Drawdown": -100.0,
        "Calmar_Ratio": 0.01447756215929985,
        "Win_Rate": 37.30158805847168,
        "Profit_Factor": 1.0628971404479242
      },
      {
        "Strategy": "maximum_sharpe",
        "Total_Return": -4.489362612366676,
        "Annual_Return": -4.489362612366676,
        "Annual_Vol": 3.8905621436245625,
        "Sharpe_Ratio": -1.1539110407793804,
        "Sortino_Ratio": -1.6464742984822947,
        "Max_Drawdown": -100.0,
        "Calmar_Ratio": -0.04489362612366676,
        "Win_Rate": 32.9365074634552,
        "Profit_Factor": 0.8261124844260702
      },
      {
        "Strategy": "risk_parity",
        "Total_Return": 1.968081295490265,
        "Annual_Return": 1.968081295490265,
        "Annual_Vol": 5.051369699156314,
        "Sharpe_Ratio": 0.3896133945252465,
        "Sortino_Ratio": 0.5900112252892039,
        "Max_Drawdown": -100.0,
        "Calmar_Ratio": 0.01968081295490265,
        "Win_Rate": 38.0952388048172,
        "Profit_Factor": 1.077203353692645
      }
    ]
  },
  "multi_period": {
    "dynamic_programming": {
      "expected_utility": NaN,
      "terminal_wealth": NaN,
      "path_statistics": {
        "expected_utility": NaN,
        "terminal_wealth": NaN,
        "total_transaction_costs": NaN,
        "average_period_return": NaN
      }
    },
    "garch": {
      "expected_utility": 0.49999779306869185,
      "terminal_wealth": 1.0021009194692514
    }
  },
  "risk_decomposition": {
    "portfolio_volatility": 0.0035289167426526546,
    "marginal_contributions": [
      -0.013496803119778633,
      0.014394111931324005,
      0.007916482165455818,
      0.00807536207139492,
      -0.0013198391534388065,
      0.005164916627109051,
      -0.0020559122785925865,
      0.003067729063332081,
      0.0022616423666477203,
      0.01128147728741169
    ],
    "percentage_contributions": [
      -0.3824630677700043,
      0.4078903794288635,
      0.224331796169281,
      0.22883403301239014,
      -0.03740068897604942,
      0.14635983109474182,
      -0.0582590214908123,
      0.08693118393421173,
      0.0640888586640358,
      0.3196866810321808
    ]
  }
}