{
  "metadata": {
    "seed": 1299523105,
    "timestamp": "2025-10-14T07:55:25.752597",
    "T": 252,
    "N": 10
  },
  "optimizations": {
    "minimum_variance": {
      "success": true,
      "objective_value": 2.6531981802691007e-06,
      "effective_n_assets": 10.0,
      "weights": [
        0.10000000149011612,
        0.10000000149011612,
        0.10000000149011612,
        0.10000000149011612,
        0.10000000149011612,
        0.10000000149011612,
        0.10000000149011612,
        0.10000000149011612,
        0.10000000149011612,
        0.10000000149011612
      ]
    },
    "maximum_sharpe": {
      "success": true,
      "sharpe_ratio": 0.16252665221691132,
      "effective_n_assets": 4.6798481941223145,
      "weights": [
        0.0,
        0.0,
        0.27916419506073,
        0.0963084027171135,
        0.29973331093788147,
        0.188748300075531,
        0.0,
        0.003013149369508028,
        0.0,
        0.13303260505199432
      ]
    },
    "risk_parity": {
      "success": true,
      "volatility": 0.0016288640908896923,
      "effective_n_assets": 10.0,
      "weights": [
        0.10000000149011612,
        0.10000000149011612,
        0.10000000149011612,
        0.10000000149011612,
        0.10000000149011612,
        0.10000000149011612,
        0.10000000149011612,
        0.10000000149011612,
        0.10000000149011612,
        0.10000000149011612
      ]
    }
  },
  "neural_models": {
    "neural_risk_parity": {
      "objective_value": 2.6146315121877706e-06,
      "effective_n_assets": 9.985888481140137,
      "weights": [
        0.09884727746248245,
        0.09527630358934402,
        0.11075305938720703,
        0.09806395322084427,
        0.10393770784139633,
        0.1001727357506752,
        0.09651719033718109,
        0.09770569205284119,
        0.10672757774591446,
        0.09199852496385574
      ]
    },
    "return_prediction": {
      "predicted_returns": [
        7.269962225109339e-05,
        -0.0017034078482538462,
        0.00029971529147587717,
        0.0020094099454581738,
        -0.000849264208227396,
        0.0021016187965869904,
        0.0013687873724848032,
        -0.0023078625090420246,
        0.0009209951385855675,
        -0.00017918739467859268
      ],
      "historical_mean": [
        -8.964587323134765e-05,
        -0.0007856055162847042,
        -0.00039287799154408276,
        0.0021091492380946875,
        0.0012325767893344164,
        -0.00012502333265729249,
        0.000628620502538979,
        -0.0012773058842867613,
        -0.0011036028154194355,
        0.00011204296606592834
      ]
    },
    "black_litterman": {
      "adjusted_returns": [
        -9.402454452356324e-05,
        -0.000792010803706944,
        -0.00039088184712454677,
        0.0021130810491740704,
        0.0012260020012035966,
        -0.0001224741863552481,
        0.0006318272789940238,
        -0.0012760517420247197,
        -0.0011040947865694761,
        0.00011294579599052668
      ],
      "prior_returns": [
        -8.964587323134765e-05,
        -0.0007856055162847042,
        -0.00039287799154408276,
        0.0021091492380946875,
        0.0012325767893344164,
        -0.00012502333265729249,
        0.000628620502538979,
        -0.0012773058842867613,
        -0.0011036028154194355,
        0.00011204296606592834
      ]
    }
  },
  "comparisons": {
    "covariance_methods": [
      {
        "Method": "Sample",
        "Condition_Number": 57.237213134765625,
        "Mean_Variance": 0.00020718057930935174,
        "Frobenius_Norm": 0.0013559998478740454
      },
      {
        "Method": "Attention",
        "Condition_Number": 125.70925903320312,
        "Mean_Variance": 0.1370796114206314,
        "Frobenius_Norm": 0.6216450333595276
      },
      {
        "Method": "Graph_Neural",
        "Condition_Number": 1.2741180658340454,
        "Mean_Variance": 0.0004924294771626592,
        "Frobenius_Norm": 0.0015605782391503453
      }
    ]
  },
  "risk_decomposition": {
    "portfolio_volatility": 0.0016288640908896923,
    "marginal_contributions": [
      0.0018005589954555035,
      0.0014097304083406925,
      0.0008785008685663342,
      0.002901456318795681,
      0.0018989855889230967,
      0.001207355409860611,
      0.002353556454181671,
      0.0006068653310649097,
      0.001091481652110815,
      0.0021401504054665565
    ],
    "percentage_contributions": [
      0.11054076999425888,
      0.08654684573411942,
      0.05393334478139877,
      0.17812758684158325,
      0.1165834292769432,
      0.07412254065275192,
      0.14449065923690796,
      0.037256963551044464,
      0.06700876355171204,
      0.13138914108276367
    ]
  }
}