{
  "metadata": {
    "seed": 1802021411,
    "timestamp": "2025-10-14T08:19:25.411443",
    "T": 252,
    "N": 10
  },
  "optimizations": {
    "minimum_variance": {
      "success": true,
      "objective_value": 2.7640871849143878e-06,
      "effective_n_assets": 8.907816886901855,
      "weights": [
        0.11201508343219757,
        0.09190914034843445,
        0.01050828117877245,
        0.10787481814622879,
        0.1859593540430069,
        0.11566326767206192,
        0.12712517380714417,
        0.10762838274240494,
        0.08871423453092575,
        0.052602265030145645
      ]
    },
    "maximum_sharpe": {
      "success": true,
      "sharpe_ratio": 0.11675354093313217,
      "effective_n_assets": 5.217098712921143,
      "weights": [
        0.35529160499572754,
        0.05129916965961456,
        0.0,
        0.29014962911605835,
        0.08350171148777008,
        0.07294212281703949,
        0.04819462448358536,
        0.0,
        0.09862123429775238,
        0.0
      ]
    },
    "risk_parity": {
      "success": true,
      "volatility": 0.001689803902991116,
      "effective_n_assets": 9.2487154006958,
      "weights": [
        0.113339364528656,
        0.08988140523433685,
        0.03946595638990402,
        0.1030459776520729,
        0.19442571699619293,
        0.10128604620695114,
        0.13058261573314667,
        0.09374343603849411,
        0.07634112238883972,
        0.05788835138082504
      ]
    }
  },
  "neural_models": {
    "neural_risk_parity": {
      "objective_value": 6.767718332412187e-06,
      "effective_n_assets": 8.068775177001953,
      "weights": [
        0.17634493112564087,
        0.08580227196216583,
        0.01967991702258587,
        0.1051691323518753,
        0.017613185569643974,
        0.16826757788658142,
        0.14072026312351227,
        0.17591801285743713,
        0.08382116258144379,
        0.026663536205887794
      ]
    },
    "return_prediction": {
      "predicted_returns": [
        0.004712802357971668,
        -0.0012219722848385572,
        0.0037129330448806286,
        -0.0005767240654677153,
        -0.0001353583938907832,
        0.002868908690288663,
        -0.002038234146311879,
        -0.0024652390275150537,
        -0.0018312711035832763,
        -0.001225382904522121
      ],
      "historical_mean": [
        0.0007436027517542243,
        0.0004725859616883099,
        0.0006896271952427924,
        1.733658427838236e-05,
        -3.6216399166733027e-05,
        5.340202187653631e-05,
        -0.0008321862551383674,
        0.00027427024906501174,
        0.0005915563087910414,
        -0.0009170838166028261
      ]
    },
    "black_litterman": {
      "adjusted_returns": [
        0.0007089393911883235,
        0.00042649064562283456,
        0.0005815796903334558,
        2.625137858558446e-05,
        -3.66277527064085e-06,
        5.0640825065784156e-05,
        -0.0007791247917339206,
        0.0002476960944477469,
        0.0005415995256043971,
        -0.0009380893316119909
      ],
      "prior_returns": [
        0.0007436027517542243,
        0.0004725859616883099,
        0.0006896271952427924,
        1.733658427838236e-05,
        -3.6216399166733027e-05,
        5.340202187653631e-05,
        -0.0008321862551383674,
        0.00027427024906501174,
        0.0005915563087910414,
        -0.0009170838166028261
      ]
    }
  },
  "comparisons": {
    "covariance_methods": [
      {
        "Method": "Sample",
        "Condition_Number": 41.35037612915039,
        "Mean_Variance": 0.00015242976951412857,
        "Frobenius_Norm": 0.0009443471790291369
      },
      {
        "Method": "Attention",
        "Condition_Number": 150.0680694580078,
        "Mean_Variance": 0.04772984981536865,
        "Frobenius_Norm": 0.23131051659584045
      },
      {
        "Method": "Graph_Neural",
        "Condition_Number": 1.3447617292404175,
        "Mean_Variance": 5.13116319780238e-05,
        "Frobenius_Norm": 0.00016306836914736778
      }
    ]
  },
  "backtesting": {
    "single_strategy": {
      "total_return": 0.018310999497771263,
      "annualized_return": 0.018310999497771263,
      "sharpe_ratio": 0.42447386723286834,
      "max_drawdown": -1.0,
      "n_rebalances": 9
    },
    "strategy_comparison": [
      {
        "Strategy": "minimum_variance",
        "Total_Return": 1.8310999497771263,
        "Annual_Return": 1.8310999497771263,
        "Annual_Vol": 4.31381079290937,
        "Sharpe_Ratio": 0.42447386723286834,
        "Sortino_Ratio": 0.6092127882016921,
        "Max_Drawdown": -100.0,
        "Calmar_Ratio": 0.018310999497771263,
        "Win_Rate": 38.49206268787384,
        "Profit_Factor": 1.082026400663368
      },
      {
        "Strategy": "maximum_sharpe",
        "Total_Return": 0.6886749994009733,
        "Annual_Return": 0.6886749994009733,
        "Annual_Vol": 4.1836624920791055,
        "Sharpe_Ratio": 0.16461055372053462,
        "Sortino_Ratio": 0.26026017324922096,
        "Max_Drawdown": -100.0,
        "Calmar_Ratio": 0.006886749994009733,
        "Win_Rate": 38.88888955116272,
        "Profit_Factor": 1.0542882675736045
      },
      {
        "Strategy": "risk_parity",
        "Total_Return": 1.87623742967844,
        "Annual_Return": 1.87623742967844,
        "Annual_Vol": 4.578198946145731,
        "Sharpe_Ratio": 0.40981998636341405,
        "Sortino_Ratio": 0.59916978622596,
        "Max_Drawdown": -100.0,
        "Calmar_Ratio": 0.0187623742967844,
        "Win_Rate": 38.49206268787384,
        "Profit_Factor": 1.0791851528383252
      }
    ]
  },
  "multi_period": {
    "dynamic_programming": {
      "expected_utility": NaN,
      "terminal_wealth": NaN,
      "path_statistics": {
        "expected_utility": NaN,
        "terminal_wealth": NaN,
        "total_transaction_costs": NaN,
        "average_period_return": NaN
      }
    },
    "garch": {
      "expected_utility": 0.4999991914757924,
      "terminal_wealth": 1.0012716321854647
    }
  },
  "risk_decomposition": {
    "portfolio_volatility": 0.0033495062962174416,
    "marginal_contributions": [
      0.0021597356535494328,
      0.0049781594425439835,
      0.015366580337285995,
      0.0021552243269979954,
      -0.008947398513555527,
      0.0011954809306189418,
      -0.00033692168653942645,
      0.0021385313011705875,
      0.004980483092367649,
      0.009805185720324516
    ],
    "percentage_contributions": [
      0.06447922438383102,
      0.14862367510795593,
      0.4587714970111847,
      0.06434454023838043,
      -0.2671259045600891,
      0.03569125756621361,
      -0.010058846324682236,
      0.0638461634516716,
      0.1486930549144745,
      0.2927352786064148
    ]
  }
}